Bacillota;Bacilli;Lactobacillales;Streptococcaceae;Streptococcus;Streptococcus australis/infantis/mitis/oralis/sanguinis,Bacteroidota;Bacteroidia;Bacteroidales;Barnesiellaceae;Barnesiella;Barnesiella intestinihominis,Bacillota;Clostridia;Eubacteriales;Not_defined;Howardella;Howardella ureilytica,Bacteroidota;Bacteroidia;Bacteroidales;Barnesiellaceae;Coprobacter;Coprobacter fastidiosus,Pseudomonadota;Alphaproteobacteria;Sphingomonadales;Sphingomonadaceae;Sphingomonas;Sphingomonas echinoides/mali/oligophenolica/sanxanigenens,Pseudomonadota;Alphaproteobacteria;Hyphomicrobiales;Xanthobacteraceae;Labrys;Labrys ginsengisoli/neptuniae/portucalensis,Bacillota;Bacilli;Lactobacillales;Streptococcaceae;Streptococcus;Streptococcus cristatus/sanguinis,Pseudomonadota;Alphaproteobacteria;Hyphomicrobiales;Phyllobacteriaceae;Mesorhizobium;Mesorhizobium huakuii/loti,Bacillota;Clostridia;Eubacteriales;Oscillospiraceae;Oscillibacter;Oscillibacter sp.,Bacillota;Clostridia;Eubacteriales;Lachnospiraceae;Lachnoclostridium;Lachnoclostridium edouardi,Bacteroidota;Bacteroidia;Bacteroidales;Rikenellaceae;Alistipes;Alistipes putredinis,Pseudomonadota;Alphaproteobacteria;Sphingomonadales;Sphingomonadaceae;Sphingomonas;Sphingomonas kyeonggiensis/leidyi/pituitosa,Bacteroidota;Bacteroidia;Bacteroidales;Bacteroidaceae;Bacteroides;Bacteroides uniformis,Pseudomonadota;Alphaproteobacteria;Sphingomonadales;Sphingomonadaceae;Sphingomonas;Sphingomonas sp.,Bacillota;Bacilli;Lactobacillales;Streptococcaceae;Streptococcus;Streptococcus salivarius,Bacillota;Clostridia;Eubacteriales;Clostridiaceae;Clostridium;Clostridium sp.,Thermodesulfobacteriota;Desulfovibrionia;Desulfovibrionales;Desulfovibrionaceae;Bilophila;Bilophila bacterium NLAE-zl-H528/wadsworthia,Pseudomonadota;Alphaproteobacteria;Hyphomicrobiales;Methylobacteriaceae;Methylobacterium;Methylobacterium sp.,Bacillota;Bacilli;Lactobacillales;Streptococcaceae;Streptococcus;Streptococcus cristatus/gordonii,age,Thermodesulfobacteriota;Desulfovibrionia;Desulfovibrionales;Desulfovibrionaceae;Bilophila;Bilophila wadsworthia,Bacillota;Bacilli;Lactobacillales;Lactobacillaceae;Lentilactobacillus;Lactobacillus kefiri/otakiensis/sunkii,Actinomycetota;Actinomycetes;Actinomycetales;Actinomycetaceae;Schaalia;Schaalia odontolytica,Bacillota;Erysipelotrichia;Erysipelotrichales;Erysipelotrichaceae;Solobacterium;Solobacterium moorei,Bacteroidota;Bacteroidia;Bacteroidales;Tannerellaceae;Parabacteroides;Parabacteroides distasonis,Bacillota;Clostridia;Eubacteriales;Lachnospiraceae;Lachnospiraceae FCS020 group;Lachnospiraceae FCS020 group bacterium,Bacteroidota;Bacteroidia;Bacteroidales;Rikenellaceae;Alistipes;Alistipes finegoldii,Bacillota;Bacilli;Lactobacillales;Streptococcaceae;Streptococcus;Streptococcus anginosus/milleri,Bacillota;Tissierellia;Tissierellales;Peptoniphilaceae;Peptoniphilus;Peptoniphilus asaccharolyticus/grossensis/harei,Bacillota;Negativicutes;Veillonellales;Veillonellaceae;Veillonella;Veillonella rogosae,Actinomycetota;Actinomycetes;Mycobacteriales;Corynebacteriaceae;Corynebacterium;Corynebacterium durum,Bacillota;Clostridia;Eubacteriales;Oscillospiraceae;Faecalibacterium;Faecalibacterium prausnitzii,Bacillota;Clostridia;Eubacteriales;Lachnospiraceae;Coprococcus;Coprococcus eutactus,Bacillota;Clostridia;Eubacteriales;Oscillospiraceae;Anaerotruncus;Anaerotruncus colihominis,Bacillota;Erysipelotrichia;Erysipelotrichales;Erysipelotrichaceae;Dielma;Dielma fastidiosa,Candidatus Saccharibacteria;Candidatus Saccharimonadia;Candidatus Saccharimonadales;Candidatus Saccharimonadaceae;Candidatus Saccharimonas;TM7x,Pseudomonadota;Betaproteobacteria;Burkholderiales;Sutterellaceae;Sutterella;Sutterella wadsworthensis,Actinomycetota;Coriobacteriia;Coriobacteriales;Coriobacteriaceae;Collinsella;Collinsella bouchesdurhonensis,Bacillota;Bacilli;Lactobacillales;Enterococcaceae;Enterococcus;Enterococcus durans/faecium/hirae,Bacillota;Clostridia;Eubacteriales;Christensenellaceae;Christensenella;Christensenella massiliensis,label
-0.1322348340999728,1.1889094018290836,-0.9024544827663363,1.1827272493614027,-0.5009226865849881,0.8223579697935804,-0.8831512652758616,0.9498640315647134,-0.05736236982427544,-0.10629917164218022,0.9408605294811556,-0.21249796402069662,1.105623464728146,0.841545153248528,-0.5179591792139748,0.4051458905638841,-0.5200033851693572,1.03000910560697,-1.1449395355329408,-1.0646792946747798,-0.08043821369922999,-0.3788101159009184,0.9519929874954431,0.5775626519166377,-1.7279951628744856,-0.9984547356281231,1.362191372080615,0.6038026629263117,-0.44156064736179146,-0.46828530091126835,-0.6461986732590939,0.7965710491737518,0.6699656985978365,-0.5512671663756732,-0.5604003858922062,-0.6138989128737187,-0.560898032010986,-0.6503637360767875,-0.478428092137285,1.8680263469062528,1
-0.7255985803126693,-1.325390225262764,-0.7528405546846771,-0.6284173302171365,-0.29853094866352836,-0.6462626698299163,-0.625422234113381,-0.7006967746423131,2.6741932763012453,-1.1123358551892986,-1.4490248058391577,-0.24337202893693713,0.9008714363286932,-0.5036020785728943,0.7242445808171898,1.1403893786524892,2.8354840070385094,-0.39299721400971166,-0.908054963426605,-0.5311158780331658,2.9761126534869966,0.1637139036336682,-0.536977435891053,-0.26604187891159703,-1.5440379363888068,-0.7674177859412454,-0.8140670198787948,-0.23775811553746226,0.061887161400451626,-0.009804008954290159,-0.06568981967261385,-0.0021261657745773885,-0.6391102063949899,-0.18957402417039737,2.558387767758223,-0.1568780870021035,2.2493414289228237,-0.4093415800217176,-0.26034956351381167,-0.5069534977804924,0
0.7873476681232986,-1.18733122328936,0.8589880136053881,-0.45280701701295883,1.173378402319145,2.2647064428065518,1.902850483400873,2.133473135467422,-0.15641863312127113,0.816774682770151,0.5662418657754218,3.187972567027391,-0.3245951414548133,2.4838749991586484,0.5599223650021463,-0.49552431587570894,-0.8285099090181398,2.822888082272027,0.9730017581510232,-0.7978975863539729,-0.8157147879601907,-0.4779641506877471,-0.9639428065648125,-0.6803008127314306,-0.0570756271278919,0.23449101964069788,-1.048748061978132,0.022875761957334817,-0.5335729449669516,0.3951939099273922,0.44710073845767684,0.1678641438310848,-0.8130854813200643,-0.6173717684081238,-0.6353344158437563,-0.69742601441229,-0.593769423381921,0.463150068638523,-0.518285066639432,-0.8776411433648503,0
1.5518726113772987,-1.28492014232966,-0.7140993998445805,-0.5769396008572607,-0.2461234638945169,1.0360264952255447,-0.5586856646570661,0.23742092192170441,-0.8160414156029031,-1.059844922583047,-1.4097814201633607,1.0270811165767662,-2.440820552753829,-0.4568495235240575,-0.22423634070074383,-1.3003673385835033,-0.4859493053327178,-0.3345599040734285,-0.8467158755163356,0.0024475386084481707,-0.46528417078813533,0.3041955239931673,-0.4435025434497421,0.25593082630390035,-1.4964038993267852,1.7618750862917467,-0.7626886489967872,-0.16135690673093403,0.19225035527716128,0.10891551770166608,2.6962108510954375,-1.46060667566233,0.7737006055524265,-0.09591690142492858,-0.044230114183810273,-0.03853673464767942,-0.3344690647401881,-0.34693110268616484,-0.20388012812748063,-0.42579940384158055,0
-0.20103203279436072,0.4744943417352416,-0.7783421997819275,-0.6623029175200003,-0.3330285541823924,1.0783106159920846,-0.6693520631622948,1.151320593620826,-0.9003120981928706,0.6096464146614605,0.2963030787459347,-0.28888714107864955,0.7831629453335889,1.1696240848144048,-0.3244172185349446,0.22653082329466123,0.8721758119958388,0.9553770816732834,0.7465289678024034,0.4026201010896587,0.08467782085414671,0.07124086198373931,-0.5985079592422771,-0.9349475563370407,-1.575393385464055,-0.806797958434613,0.37143030583491266,-0.2880497632703913,-0.023925352906610076,-0.08795199518211094,-0.164637363860439,1.3531588034352895,-0.664182004839488,-0.25122450193603635,1.5913603327883707,-0.23477713726344684,-0.4116978319109719,-0.450423727674012,0.28954355602882076,-0.5603737664937283,1
-0.9297751369516662,0.33143352828305117,1.2655796366221472,-0.8235318127210376,-0.4971694550077293,-0.7860058117456662,-0.8783718372810749,-0.8235522493989857,0.06411764804797088,1.1818818755348293,1.0772521340005576,-0.5054497516059706,-1.2189080647349344,-0.6808068756282812,-0.5136325968138034,0.575495222437529,0.1694030020373335,-0.6144903845306553,-1.1405466553426438,0.6694018094104657,0.20512425057170458,-0.3687493382108292,-0.8912724969317594,-0.16469405230239842,0.18631799516949465,0.5618956261695723,0.3275639372199101,-0.5273393092755343,-0.43222451421350316,-0.4597830444445388,-0.6354334899441276,0.7604783902671576,2.1023851898095915,0.9016778207650216,-0.5527971187292932,-0.6054237398615085,-0.5575626986414677,-0.6458941269108446,-0.47438395857552174,-0.8145494084561056,1
0.4251961053201389,-0.3029737108188631,1.2989307751111907,-0.8483386407195027,-0.5224243269040484,-0.8037727352512025,2.0495392292271215,-0.839172077265416,-0.9068838417776861,-0.4536588469724744,-0.31301318210578477,-0.5387702765872475,-2.0302645292480572,-0.7033366687253569,3.604736120100643,-0.16997844944769805,-0.5959323182826257,-0.6426509952318004,0.27066032945563573,-1.1980701488351833,-0.5777939418821619,-0.43644664025850016,0.8366368329861976,0.9945217007790703,-0.4428865493082607,0.9095326661021206,-1.033563854652841,-0.5641566217193039,-0.04078354462628616,2.910674003214586,3.995500278091206,-0.3946052806757405,-0.8018290260891442,-0.5896926274613749,-0.6039582406159152,2.975329614269062,0.613881296390269,-0.6759693846158183,-0.3048234416663296,-0.8536571094900799,0
-0.925274769094865,0.7811050597100639,-0.8964434148779703,-0.8192311870277093,1.5933133045146175,1.4394876185939995,-0.8727964358626874,0.8271600982100468,0.04018948960001312,-0.3801831728606783,0.6471632555922484,-0.49967315228184356,-1.2719546255532512,0.7720013996682862,-0.5085854586045869,0.6032325801204476,-0.7755372325805449,0.03243746070415796,0.3565214603183214,-0.26433416971235885,-0.7615251132060882,-0.3570130228474446,1.3901158617186866,1.2671954895829585,-0.6938325051218984,1.4470375555466275,-0.4400227572775836,-0.5209564908085875,-0.4213335268288203,-0.4498648088699459,-0.6228754561398872,-0.6232871050452059,0.35116602604664926,-0.5367353506521685,-0.5439275915451354,-0.5955370982623677,-0.553671893628924,-0.6406801420342823,-0.46966630867662207,0.9415412276732749,1
2.2048090482141167,1.2441615612141628,-0.9152147606916243,0.08239022159966479,-0.5181842801997905,-0.800789842058803,-0.9051324678899223,-0.8365496604922077,1.2199233630353303,1.0124971067339534,1.417609421188487,-0.5331760853867925,0.7204690618810305,-0.6995541361763484,-0.5378576868321114,0.6153549525622329,1.3625837531961853,-0.6379231033191638,0.4795981499812579,0.8027926635708692,1.8453996254453926,-0.42508092343313725,-0.928754901079924,-0.44698816785143736,0.7744890363099421,0.8564710781878302,2.515313008913488,-0.5579753540047926,-0.4844987216644537,-0.5073882693576487,1.0075879161250971,0.6544057276909859,-0.7987474905806499,0.47914479781016556,-0.5953687871777006,0.6880879702310174,1.4443787130625192,-0.6709200421429996,-0.4970275813055298,-0.8470913078672899,1
-0.9519988140877228,-0.4924636174765405,0.9148613041125299,-0.8447691248547817,-0.5187903408941891,-0.8012162086640782,-0.90590423573577,-0.8369245015827498,0.428784386289249,1.3986431738259542,0.22791804065655066,-0.5339757037966892,0.1186497854177204,-0.7000948010470762,-0.5385563305155198,0.24058070586332528,1.8416767322256076,-0.6385988952751195,-1.165852304448545,-0.5311158780331658,1.9158169252280064,-0.4267055079511804,-0.9298358813725579,0.14999497694608777,1.014799996546044,2.127287183064446,-1.0300012284016955,-0.5588588875280338,-0.48600629273284535,1.178909193402957,-0.6974474624924709,0.015976601002039865,1.924494920478418,-0.5831983513998387,0.9126273754507758,1.0280485370416517,1.3546098574532204,0.8751466989706409,-0.4976806159889034,-0.8480298056170424,0
1.8437716082233482,0.01934797129414053,-0.8642594095711951,-0.7764663411748373,0.28200721316688415,1.0231387821558289,1.003841701005288,0.43318395669046295,-1.0130142519319378,-1.2632988202081112,-0.4909618803035274,-0.4422314223416334,-0.00435408010127688,0.014294219800419306,-0.4583973922843496,0.005995921429475941,-0.7244245081754392,-0.5610618517992484,1.9627043689075185,-0.6645067321935694,-0.7092381211646022,-0.24030867487909152,1.745058820009325,0.46067420928250913,-0.19533343789651372,0.5275458136552597,0.7168435714729771,0.6085678914757536,-0.313035007054346,-0.3512392028010589,-0.49800005005964576,-1.3503064265417783,-0.7486510247217558,0.8479024760017616,-0.4557302012428864,1.1540352580509636,-0.5149822497328883,-0.5888329748020111,2.8668444628723138,1.2496996371430618,0
-0.875419849167028,0.7143630227370038,-0.8605888187941364,0.18698283745041278,-0.4442884908305348,-0.7488037998212993,-0.2736299976715308,-0.790846023002366,-0.5989761098057277,-0.28088668716277293,0.13108889196307827,-0.43568018416828996,0.23324909858787515,-0.633631931064032,-0.4526734355674182,-0.7412605606579669,-0.7185950940610863,-0.5555251182719805,0.47255589832484335,-0.5311158780331658,-0.7032747816449179,-0.22699852596468312,-0.796953098463339,-0.14668708301821268,1.0383636075439926,-0.45205942346088357,0.7611292200622476,-0.45024784793562034,-0.3006835441439912,-0.3399909371931088,-0.48375799070530234,0.14148787020064135,1.0618461074410328,-0.45005651208184017,2.0529797960141036,1.2560397290759948,-0.5105696898697262,-0.5829197973697624,-0.41740434577913194,0.461972941648333,1
0.02948002353930026,-0.4282519454661156,1.2675121603023607,-0.7489227459666625,1.3925060376668323,0.1163719230700563,-0.781647424074824,0.7614588689684785,-0.9858232094570408,-0.11862376972915444,-0.24410851359730107,-0.405234872348827,-0.4351479533364283,-0.6130462237123656,-0.4260727163633488,-1.1752232865483865,-0.6915042868365221,0.9024374357991332,-0.6965248617544877,-1.4648518571559903,-0.6755615881449695,-0.1651427937595081,-0.7557949889543444,0.49333950839998275,-1.3797702068535596,1.5899482488346253,-0.0938941738677242,-0.4166074848760643,-0.24328307574667593,-0.2877173142838368,-0.41757142771960715,0.5017981483153935,-0.5077618274909166,-0.40881816439745433,-0.39892482363764015,-0.4339061153002309,-0.4900633737503327,-0.5554397201683033,-0.39254018017443804,0.8551779699801769,0
0.4132180635499186,1.3230436659687077,-0.9270370139569472,1.3471500730534023,-0.5341769515720066,-0.8120407630726117,-0.9254978036530881,-0.8464409311739177,1.4222794461747963,1.602132898327554,1.0957728752383618,-0.554276339158143,0.030656516009057427,-0.7138211488369065,-0.5562934292227505,0.649322048576113,-0.8241241683388129,-0.6557558365214243,-1.1838611951474132,-0.13094331555195532,-0.8112282889393503,-0.467950303601795,0.8158520714543842,-1.175110080881793,0.09822202096254401,-1.0364155932480195,-1.045085695696898,-0.5812899517243411,-0.5242803621666037,1.7083822821837253,-0.7415800136375553,0.5315868732235115,-0.8103704721529228,-0.6106956772348919,-0.6277666157125542,-0.6889903756191912,1.5623158080068087,-0.6899652273605283,-0.5142597977854588,-0.8718562963149401,1
0.38791732228325404,0.48774226779935914,1.3879100583697657,-0.8305075329127866,-0.1962545837352134,0.7513440583768344,1.1990852610981335,0.9470054187193335,-1.066363726785697,-1.3184036701840554,0.3002662993419463,0.6223263911824517,0.605191748162089,0.8875930518310275,2.3726362423549214,-1.5521225820177988,-0.7890147688144771,0.3386418045014619,1.2186101007613725,-0.7978975863539729,-0.775312283387376,-0.38778592913854026,0.6333344527938775,0.5509457632339271,-0.35228201202457937,-1.0022771369167487,-1.0157671631219087,-0.5376923971364985,-0.4498899624586906,-0.47587066543223416,1.2299782250796014,-1.2956031358885276,1.9284522590548867,-0.557251214964984,-0.5671837090260906,1.6522689575724903,-0.5638736796529666,-0.6543513380648713,-0.48203610224113047,-0.8255465572964352,0
-0.8233247574433835,0.17409785046269477,-0.8231231388892205,-0.7218060756824521,-0.3936064175396953,-0.37651702997510494,-0.7464929296487987,0.14320982176097172,-0.9590536273490046,-1.2075627116446872,0.41399222479812503,-0.36881176780398195,-0.24764357427380623,-0.5884186102576069,-0.39424907197818926,-1.4441982021293636,-0.6590943279700883,-0.49901173973141233,-0.459277160544306,-1.331461002995587,-0.6424070404068559,-0.09114198160928573,0.1469169336476177,-1.0072749165557608,-0.30385034600464716,1.146429816802136,0.44741761957047965,-0.37636199591833736,-0.17461229734387615,-0.2251800131895824,1.0340841569513994,-0.4236221747564468,-0.7082081323764308,-0.3594828625331837,-0.34299992773173593,0.7089478310068117,-0.4655307396201466,-0.5225640600093788,-0.3627940534600728,1.958814772388855,1
0.9041282682375451,0.8403088933451625,1.1005395276570715,0.6850977080621509,0.5287061156118414,1.7804535283327356,-0.017003146941162284,1.8054520126578566,0.044388562015079194,-0.9837991104981169,0.5461440971562915,2.1424104881309294,0.6809717502599784,1.7040176354392713,-0.6615914366442534,0.10514154034230443,-0.9313621718793441,1.0980997390296454,0.7084274315086052,-0.5311158780331658,0.04558191292996765,-0.7128040347673271,0.3152076433838331,-0.7405355386445537,0.16072078685229726,-1.1406879519473911,1.147190240226764,-0.05067127628986182,0.3811129731068728,0.2809094672588801,0.30239880195534063,0.17924226138318747,1.9133596278927487,-0.7739362199889649,-0.8128107933332925,-0.89525452320664,-0.6716231764407962,-0.7987441423554298,-0.6126837191195862,-1.0133045701136771,0
0.6968253226453349,0.5717964040149451,0.795989860497721,-0.9079226731275266,0.2739081846499748,0.42033086209411535,1.1367857671981108,-0.004089136159888205,-0.6506329742087538,1.1784694584308546,0.5555238009124256,0.05083010959926739,0.996490906756038,-0.3046762419102843,-0.6126722171943905,0.3857574137173651,-0.8815416714061971,0.2453047995392865,1.467475957074708,0.5360109552500621,-0.8699649061098965,-0.5990501879347196,-0.1392543346314164,-0.6275222611681972,0.21718005655699482,0.6070154053432004,0.2000108859980233,-0.652588884722121,-0.6459375554333927,1.286951659551088,-0.8818588599542841,0.36305711152194214,-0.8459149921281087,-0.6980981283702389,-0.7268431957061816,-0.7994285778962182,0.3093164480438736,0.6885108848819371,2.1762212843664,0.37948055651517565,0
-0.9221814885950674,1.1473347519669912,-0.8942187934553549,1.6472681019993685,-0.48978177548130425,-0.7808085437663128,-0.868964242354333,-0.8189830604120509,1.60299253622518,-1.3038912085062686,0.7292446368171404,-0.495702667509702,1.1208255186068068,-0.6742163495752815,-0.5051163612554098,1.4814398659865433,2.2316701246280966,-0.6062527039760848,1.1706382701360227,0.5360109552500621,2.329017153295665,-0.34894618995551446,-0.8780957044913829,-1.122104152393583,1.7053925570986972,1.4783609943831117,-1.0015622976056988,-0.5165693276864186,-0.4138477212296923,-0.4430476139935494,-0.6142438237226066,0.059574896274543654,-0.7781054238948504,-0.5313573064895706,0.8278315110095799,-0.5887416191726106,2.3218531031036784,1.6576034053419257,-0.4664236816511261,-0.80310943111469,1
0.7849880304285898,-1.3207799868104768,-0.7484272708763623,1.0159141091950212,0.1227257743407537,1.0713909680088023,1.8342644620893043,1.1594119953167759,-0.8610711018327978,-1.1063562352241563,-1.4445543093012694,0.7734785173379027,-1.7999869038183927,1.2823991164230513,-0.27776757311117783,-1.3456547904491056,-0.05292021196596272,1.4247269256219293,0.23325744476287294,-1.331461002995587,-0.022306633939448258,0.17971717620149386,2.7075400943618204,1.522192134851204,-1.5386116003552484,-0.7606027009939468,-0.8082141398279277,-0.22905470390316188,1.9790196904530377,0.0037201868752893695,1.1425771770350814,-2.7072854574469867,-0.6347713113276922,0.5632515080538648,-0.13830257691106373,1.5834601893468727,0.3038542424136777,-0.4022319533151559,3.751514994162094,-0.4977086507892929,0
1.2977644935891623,-1.3934404403920906,1.3982211636284734,-0.7149768404385334,-0.38665383733695163,-0.7082575446633855,-0.7376393974931138,-0.7551996981899906,1.5493911609872237,-1.2005990609281856,-1.5150123364813712,-0.35963874078246627,-0.8187201745868665,-0.582216234965358,-0.3862344023470282,-0.8247433587939261,-0.6509319971593808,-0.4912592195340523,-1.0111962921713529,-0.3977250238727623,-0.6340571875843598,-0.07250514496532733,-0.6941549378580342,0.9224227498284198,0.001996447585911,-0.8680130157949699,-0.2845647043058882,1.0590701482907778,2.78314643615263,-0.20943022030512473,-0.3184477514138275,-0.7341595338150293,-0.2465761094726373,3.6389793152798084,-0.3289154451558838,-0.3558684004078268,-0.4593522845269494,-0.5142844440140789,0.3216209482570851,-0.6434136468811787,0
0.3878589053184768,1.3833179710515195,1.2066342272408903,1.4895405298817908,-0.6210972426520686,0.42631943505165737,2.305023987783325,0.026134048928569704,1.4806501616999748,-0.8400499179735081,0.6585170595712044,-0.6689563795956156,1.5587631633546595,-0.2610827969248242,-0.6564918299511795,0.1747499988111957,1.19093631347332,-0.7526768777044762,-1.2855949722833595,0.9361835177312727,1.437917002810593,-0.700945712308503,-0.052095620484017724,0.09211750080353871,0.4047358733961954,-1.1356380176575869,0.822808590860891,1.177441724609201,-0.7404938821978164,-0.7405186751183351,0.7140510673339325,0.49159693117331327,-0.8735414657891263,1.2860689783792618,1.1082388304487418,-0.8852651031469845,0.3527417697165278,-0.7934759545087904,-0.6079170259951389,1.1704916258379543,1
-0.19429071161269232,0.8929787905479558,1.0720026703422139,1.3628228672009497,-0.41594196802008293,-0.7288618850696097,-0.7749353939752073,-0.7733140470442685,1.2971123705027066,1.5718767752571268,1.0963047809343804,-0.39828062715150453,-0.3903092166224006,-0.6083440857499521,-0.4199966438019253,0.6723893434432305,2.0100876694932954,-0.5239171419229651,-1.0454758846879224,-0.26433416971235885,1.8425984832198126,-0.1510138555779747,-0.7463937521701371,-1.0339426020063018,1.276468071463296,0.7488811087882358,0.960413997601641,-0.4089234337278824,-0.23017179825202722,-0.2757770985547584,-0.402453251545228,0.39487558921774357,-0.7244409233591259,0.7341692904081982,-0.38824711113552357,-0.42200393444941287,2.938234152020903,1.588642507708546,-0.38686076702645594,0.29347202810808787,1
-0.893676984222549,0.2936080255866555,1.0096256636310592,1.5180424430522004,-0.46205042245114275,-0.7612994039055118,-0.8336506726271844,-0.801831559402162,1.3386214531306766,1.6418662211413397,1.0790212060021842,-0.45911474715914247,-0.20500457238814979,-0.6494772953192762,-0.47314871378057255,-0.22714865118628644,-0.01451222504825178,-0.5753306767290481,-0.37671404360731076,0.6694018094104657,-0.7246063607925831,-0.27461052157514704,-0.8286335856132961,-1.0889941110549728,0.9150123551719166,0.6770506194765715,1.3439417125196687,-0.4761417265015262,-0.34486620518349465,1.0185866085613349,-0.5347035414894052,0.8469487436803276,-0.05520596734836348,-0.48179876068087135,0.7692565597655917,-0.5261214450758798,2.7066735625367713,-0.6040719407273284,-0.4365429526862779,-0.7601668468868436,0
-0.8157467831940747,0.17236548694657156,-0.817673221283577,1.0528928269899822,-0.3862339869787323,-0.7079621779227075,-0.7371047530102492,-0.7549400259037098,0.37871059291820497,-0.3805323594208035,0.6681336026555679,-0.3590848027380811,0.5540439025286955,-0.5818416877595259,-0.3857504148463411,-1.4370083335526445,-0.6504390927390293,-0.49079106263588673,-1.0107048883547896,0.0024475386084481707,-0.6335529591401887,-0.07137970918280252,-0.693406085528086,0.639889466751379,0.41832546717316954,-0.8675337425445688,-0.9000478535306683,1.6348376910070643,-0.15627343603813962,-0.20847912646778782,-0.31724351821423724,-0.012915820909092036,-0.7028500766421146,-0.3463076331356294,-0.3280649155852257,1.4929804894603933,-0.4589791818070271,-0.5137844570106678,-0.3548502074037805,1.4821356588944963,1
-0.4057796442669728,1.6437627837647844,-0.9012194285423029,0.020459651544118426,-0.4992519546281815,-0.7874708602166615,-0.8810237272005323,-0.8248402498187427,1.1729566422703064,0.760143928080109,1.2587175606438024,-0.5081973395134306,1.0742317045514491,-0.6826646670978299,-0.5160332230530169,-0.36643981741469817,-0.7831222136247984,-0.6168124894036315,-0.5438836463467583,-0.26433416971235885,-0.15454864409456187,-0.3743316118568286,-0.8949868791214183,-1.1334111384860437,0.6586051465347228,-0.4122362326917072,1.1720200361038338,-0.5303752399072551,-0.4374047151517041,-0.4645005646669076,-0.6414066066319843,0.5634489005005251,-0.7849880587685653,-0.5482814106454929,-0.5570158301663655,-0.6101262326914566,-0.5594133253169409,-0.6483741122781329,-0.4766278666408964,0.5159941766306365,1
-0.8548672350857976,-0.49566746702203773,1.3399858668861826,0.174020130860303,-0.4242933423680073,-0.734737116977925,-0.7855701740392088,-0.7784792694337637,0.339525052652593,0.13374352500715053,1.5067997232685033,-0.40929918146175504,0.8751783344851642,-0.6157943209721861,-0.42962379004302204,-0.138186004664242,2.292614446881567,-0.5332293967147111,0.6963644014129211,-0.13094331555195532,2.3335364552520157,-0.17340024954051986,-0.7612894072917306,-1.0439137833472643,0.1700590043479416,-0.9109797718464132,2.3625730062866634,-0.4210983186358209,-0.2509457742986549,0.5861139232646772,-0.426407029492757,-0.924991245059156,0.9301899338449096,-0.4143232941622478,3.334475661148931,-0.44086217461696636,0.3449292593031967,-0.5591081840965479,-0.3958594319348324,-0.7016992131617918,1
-0.8185307691166925,-1.395207759911648,-0.8196754046368555,-0.7172248614290162,2.328775973620447,0.9900230176919063,0.3519846546366965,0.8239864638024934,-0.12258061396957631,-1.2028913282790616,-1.5167260864045675,-0.36265828199815303,0.015678925019729534,-0.5842579086447416,1.2386278601201741,0.18837364910996615,0.3536243557620282,0.46286082240216486,-1.0138749564961789,-1.1980701488351833,-0.6368057595315816,-0.07863994607781277,-0.6982369656184695,-1.0017063527386476,-1.6262144675943693,-0.8706255558575836,-0.902703141410524,-0.36956273901410763,-0.1630107420822542,-0.21461467562631834,-0.32501208079383376,0.11058150038511777,-0.7048185119054436,-0.3511479310784996,-0.3335517201324706,-0.36103634094139325,-0.46138608424861377,-0.5170098956767882,-0.3577686068156258,1.9380837230548444,0
-1.014827236293066,0.4151406301147881,0.9133328377347987,-0.115012813869004,-0.5799146156310692,-0.8442174291034428,0.040163769591727766,-0.8747291142440246,-1.1397141499174666,1.5776664916025342,-0.3812191805032037,-0.6146212494044456,0.02697791035295077,-0.7546235774623483,-0.609018066184113,1.6118977790868971,-0.8778201968163774,-0.7067559190890474,2.0893995879126335,-0.13094331555195532,-0.8661579340784651,-0.5905530422524926,1.8425114514299188,0.39159080356457,0.7673252775520532,0.4614956742512152,-1.0899252196248368,-0.6479676951325789,-0.6380524310510278,-0.6472270010772866,1.4334760532261757,0.28950308289440985,1.459679480301794,-0.6924332007155753,-0.720421617699562,-0.792270604428842,2.0577328647222806,-0.744432818368199,-0.5635424541977762,-0.942682032408849,1
-0.9360549031343857,0.6752191283515047,-0.9041962575718523,2.3872791193286016,-0.5032788898775303,-0.7903038284784152,-0.8861516940386425,-0.8273308597763905,1.6257742519403489,1.5645804225103745,1.2004157117861085,-0.5135103578144052,1.0447030193770643,-0.686257083577138,-0.5206753206208914,0.2643358570221231,0.16688458977132914,-0.6213027499894381,-1.1476972973589992,-1.4648518571559903,0.6222303780678842,-0.38512606977452324,-0.9021693901875396,-1.1382191257641556,1.7940007389663608,-1.001144420627826,1.8302258755223109,-0.5362458273279626,-0.447421683967392,-0.47362284650859543,-0.6529568388157392,0.5023235360031919,-0.7879147114275596,-0.5554779240938799,-0.5651735640866671,-0.6192194560230491,2.4862348438612676,-0.6531696668104471,-0.48096691784456164,0.4352967047303391,1
-0.7337140229934056,-0.08183654422090385,-0.758677008133614,-0.6361725809913064,1.836884209451653,1.3963566092275008,-0.6354762679330028,0.7865648625599724,-0.8745162249575497,-1.120243747607895,0.10274988279662975,-0.2537888797802929,-0.9815546318549354,0.8509979426083281,3.6958735110077283,2.2612347782354005,-0.5567448133932537,0.785053436284696,0.5677476880159201,-0.9312884405143763,-0.5377061402608572,0.14254999045029412,0.7241143902488434,-0.9031855739295284,-1.5512141251484068,1.5981978078728976,-0.8218073020457245,-0.24926815184077616,0.042247614885728584,-0.027689407406330628,-0.08833552481581448,1.37908613283784,-0.6448482826620077,-0.20368370776969877,-0.16639106585942462,-0.17470651253437464,-0.388057540568478,-0.41874387706728455,-0.26885682748878653,-0.5191795683098844,0
-0.870192812718637,0.29788592316768703,-0.8568296455602046,-0.7665939617234723,-0.43920323163228653,-0.745226295585601,-0.8045566769186581,-0.7877008526899243,1.0158267106698595,1.387048515703963,-0.2568478914717654,-0.42897084480410197,0.8290061119400722,-0.6290953870636551,1.680334780794116,0.5998972960697262,1.561623112271471,-0.5498547666192699,-1.0727014746948023,0.5360109552500621,1.518938421822302,-0.21336716290143654,-0.7878829425745848,-1.0617155490727759,-1.6718973207890904,-0.9279999099763845,1.4000413184128682,-0.44283440400574847,-0.28803400307754895,-0.3284712169165147,-0.4691722273847128,-5.891703244931199,-0.7413464941683984,3.4811905077763083,-0.43536959695871436,-0.47453019869342106,2.795311835379249,-0.576863917082118,-0.41192494303763605,-0.7247874907104133,1
0.2266112419019517,-0.7678741890699096,-0.8805556282100938,-0.7981201183052584,-0.4712987920120968,-0.7678056762483286,1.7721939030139218,-0.8075515623061676,-1.0343908648702693,-0.7392293021424841,0.0450958104551449,-0.47131677020867396,-0.2379658215051961,-0.6577277371963525,0.1447695702837979,-0.6473892217073559,-0.7503051940688146,-0.5856431319216758,1.2956481667829987,-0.7978975863539729,-0.7357133919134246,2.64694085778895,0.12744388763189107,-0.4489939375871356,-1.7010695109714027,0.8545533763999915,-0.44886857684972814,-0.489624278031345,-0.36787144955711915,-0.4011778112673622,1.002769453676178,-0.2896244367746711,1.952803936528807,-0.49832647016709153,-0.5003885320517979,-0.5470051903222067,-0.5345725676557542,-0.6150855423420359,-0.4465081362789088,-0.7744881419354324,0
-0.8657515005732083,-1.4306834664137658,1.4955267530572045,-0.7623497706412132,-0.4348823848842628,1.318404330418836,-0.7990544382521674,1.3163852705229089,-0.9990783707922916,-1.2489044022389026,-1.5511264812514285,0.8066199305334862,-1.2834420696051605,1.218880048468545,2.6377749401117403,-0.9161547414461955,-0.707552323444253,1.1986485323119072,-1.0676442428949555,-1.331461002995587,-0.6919783135720744,2.8449338471544183,-0.7801762058974274,0.30049017363256836,-1.6679700311082015,-0.9230675186496433,-0.9477409538849858,-0.4365353435552845,1.1722434463376756,-0.3186831325820109,-0.45677898535824485,-0.7487872539058258,1.8188834863338355,-0.43324691278415006,-0.42661645942404025,-0.4647732937449947,-0.5022108933515698,1.706672697807121,-0.40726920011604406,-0.7180965685180912,0
0.5911749293365054,0.3106776257750623,-0.9997915921467609,1.2996302540850266,-0.632596435041101,-0.88127934172898,0.7455905348700791,-0.9073121720497938,-1.1907989927852283,-1.4469332702113689,1.1285837730042865,-0.684128071174028,0.9153608518334296,-0.801620865595832,-0.3817289110830061,-0.411209395432651,0.7729129537786216,-0.765499127667752,1.5790982146393784,-0.3977250238727623,1.1844738754458934,-0.7317700341922372,1.5472846029835294,-0.15984526631443166,0.6599227802253211,-1.148764731033879,1.4777750163744332,1.841243754785753,3.3294437525245675,-0.7665679824523696,-0.3072374161202584,-1.7908051994220402,-0.881898725068895,0.908935401027267,-0.8271440352636157,0.9036485746069045,-0.6779107550670971,-0.8071699924718035,-0.6203074870994927,0.44490723071476157,1
1.8088558842865596,-1.4643714151829546,-0.8858843096841186,-0.06903109545093188,-0.4785072191831898,-0.7728768393359824,0.805081084717077,-0.8120098859144764,1.8851898875063553,-1.2925986998614034,-0.34616560816512776,-0.4808273540919019,0.8183972174243029,-0.6641583527776469,0.371836093224177,0.6250161805468325,-0.7587678892811811,-0.5936809359606778,0.9855147767319499,0.13583839276885168,-0.7443705097322966,-0.31872401950458573,-0.8579862116978475,-0.21381297949229056,1.9330055904769519,-0.11732645895259097,-0.9905091372113819,-0.5001329401412079,-0.38580235375893634,3.326577897481945,-0.5819056471817514,0.6281477699040318,-0.22522276789987136,0.828157447343567,-0.5149913074143163,1.1290862384228688,-0.5409783828021376,-0.6236698386991183,-0.4542752675230283,-0.7856505432293138,0
-1.0353784479468466,-1.0967356824973884,1.2178433756652827,-0.9244480771281911,-0.5999083997053513,0.37871283470705175,0.19663548711116957,-0.30143031858277874,0.4944224707789701,-0.8157639352787314,-1.6747000428277543,-0.6410004519778102,0.24354712250393723,-0.23945178969220704,0.056683618690106866,-0.10596538918319066,-0.9012929040722741,-0.7290501192762469,0.8534443729586129,-0.6645067321935694,0.4925650645306343,1.8941594696476198,-1.0745194481539355,-1.2535905993972318,0.6012573160374124,0.368413876936168,-1.1095263902978978,1.2127902761172071,2.5369542992474803,-0.6925192449585214,-0.9301138341993144,-0.18649685950246284,1.2634346415953854,-0.7281639803445699,3.6952177291736885,-0.837418572442601,-0.6488623223245196,0.3594275550562354,1.0320357058078153,-0.9736428281446144,0
1.4233543721018742,1.4129786254856629,-0.8258519407601547,-0.7254320007424682,-0.3972978315690111,0.23081408944106976,1.1468688554829594,-0.27217398215049476,-0.9626331412640373,0.691124683078448,-1.52298269362827,-0.3736821094111386,1.5504197259964747,-0.5917117092944011,-0.39850439346374716,0.5031922207662622,0.6761942807728745,-0.5031278751781917,0.551144084968095,-1.0646792946747798,-0.6468403245909811,-0.10103705340183072,1.322101286130457,0.5947766246964574,1.3161761509580219,-0.8801634918228701,2.4713802475121667,-0.3817434504050039,-0.18379465984236137,-0.23354223336067265,-0.3489773221991318,0.41562140799328184,1.6750686609398984,-0.36607976788690916,-0.35047796538970327,-0.3799036060168437,-0.46881113842827926,0.8319114176062811,-0.3667715781768458,-0.6598960961267598,0
-0.8658896089336046,-0.5141868276252676,-0.8537348730923701,-0.7624817492665351,-0.43501674721691425,1.144462802233741,1.2184675956588273,1.2107801651467998,-0.6350279049879902,0.9366435726610534,-0.4849759659969802,0.8028206401474169,0.10654651451920047,1.224133141053462,-0.4419853226940605,-1.4845830963153224,-0.26679607351827894,0.8808443834327959,0.18978641998508977,0.13583839276885168,-0.24109609587888825,1.7413117316424984,0.5127384409005095,-0.6083080275760101,0.08968387874109088,-0.9232208977539853,-0.9478726777749981,1.4276682700843646,-0.27762015700368214,-0.31898750575700824,2.208679955159456,1.0575705317198867,-0.7383038860837344,0.8621882849679824,-0.42688864958623834,4.0474472510955195,-0.5023302953022551,-0.5718783603076831,-0.002739490143935743,1.8032126150195669,1
1.697237924315034,-1.3696454682369816,1.3650531536973227,-0.6847097629346097,-0.35584009665697236,-0.6865799303073049,0.945497980357447,-0.7361417783035608,0.16487890792269932,-1.1697362558821458,-1.4919386187681822,-0.31898401007114224,-0.09415757897895591,-0.5547273922217897,0.4093611151720996,-1.4073670808963257,-0.6147566582764014,-0.45690015570283143,-0.2034095762034985,-1.1980701488351833,-0.5970507537014602,0.010093060980638939,1.3607781142405209,0.2422840691354377,-0.17578845949040106,1.7606940801540512,-0.8702508011366978,-0.32130511653683735,-0.08066888004491037,-0.1396273529446669,1.6611127419491114,-0.603063760074673,-0.680760732160665,0.26182712974617117,-0.2664932103814142,-0.2862878861122147,-0.4319694557794942,-0.4775892987918343,-0.3221005756817346,1.4033425766851364,0
0.4245179558585584,-1.5326212990961707,-0.9512184807277292,-0.8920141494128396,-0.5668886726529302,-0.8350536157437796,1.8578644801735602,-0.8666727286107193,-0.03158535928686215,1.3263369068510646,-1.649974454692032,-0.5974352086203294,1.2340528628910852,-0.7430031740250792,-0.5940022552822943,1.2813612971434392,1.114034548463208,-0.6922312558585777,-0.5481281218049272,1.2029652260520798,1.1001433022530491,-0.5556361676048196,0.011516582418182991,0.44218455418474933,0.24573199041596736,-1.0737571188219406,-1.0771550641333367,-0.6289780833669865,-0.605650503399461,-0.6177191208302547,1.8186606629478559,0.1667709389881757,-0.8341443447269216,-0.669154610915738,1.5945934996917632,-0.7628567198564599,-0.6195191296055768,-0.728920619631807,1.420875330741872,-0.030755730398768662,1
0.7984459253703237,-1.4430420049719934,1.4006780612410292,1.7494460588858185,1.4764929501223483,-0.29333551736387486,2.1640411628666683,0.4837027428055795,-1.0145971529173716,-0.9598759520525267,-1.5631104175292814,-0.4443851417326913,-2.0400105594338025,-0.6395178195053152,2.8721566328707917,-1.5000596782182933,-0.3687722897850591,-0.5628820528124427,1.4165494138437082,-1.1980701488351833,-0.7111985688874868,-0.2446843860128236,0.7224103730024836,0.8765289078488558,-0.08122057810063142,-0.9413365281532632,0.13063129265974327,3.1475063088332216,3.3281457246780244,-0.3549370698476554,-0.5026821267279701,-0.8777521370215013,-0.749837391533519,-0.46184742651711685,-0.45903707291845,-0.500911746154951,-0.5164328786811939,-0.5907769317398643,2.3041064006252143,-0.7428789738509373,0
-0.9747482226727228,0.8334631860529552,-0.9320236684913344,-0.8665088346255767,-0.540922698378933,-0.8167864283049839,0.1094276475009438,-0.8506130926636803,0.14066357856876932,-1.3551135625091884,0.09466557699537885,-0.5631764763641575,-0.03081921134794447,-0.7198390086965505,-0.5640696691935801,0.453124743257387,0.5402610605503616,-0.6632777257829586,-0.23263784420087552,-0.5311158780331658,-0.8193297406843342,-0.48603271007767834,-0.9693115353650649,0.03930165590897789,1.6914703107113258,-1.044116089234852,-1.0516989778044055,-0.5911241044722458,-0.54106035271014,-0.5588979774657774,-0.7609284602969398,0.72172645475255,1.3993625411767383,0.8417035215970319,0.31070814805813984,-0.7042229478994819,2.324425267221476,-0.6979985317646732,-0.521528387665802,-0.8823022273202212,1
-0.9607370563719998,-0.0031772667915271127,-0.9219471362433035,1.5391459843011708,-0.5272915685767163,-0.8071968631120076,-0.04035001153646816,-0.8421824064178862,1.8630707315825823,0.7478814628690899,1.2798498987007367,-0.5451919701285908,1.0408445542450593,-0.7076787199655636,-0.5483562219727731,0.5177022640563776,-0.8160407270656289,-0.6480782450113713,-1.1758023631942012,0.4026201010896587,-0.8029591380686413,-0.4494935933773411,-0.9449988174826534,-0.3451945494244909,1.612126885956819,-1.0285556978738561,0.32154198111798904,0.4320429456821828,-0.5071530277355267,-0.5280191576743352,-0.7218310563424166,0.0658602821920424,-0.8053663876063389,-0.5983908478163128,0.7803548476647141,-0.6734424908326536,-0.5843309085104786,-0.6817656344728296,-0.5068407489248542,0.20451558879183032,1
-0.9517464517208551,1.1563511006860054,1.1542411185347312,1.155333440116416,-0.5185448235613607,-0.8010434860428923,-0.9055915898492664,-0.8367726521299887,-1.0802046982732947,1.003329687131063,-0.07078624173850952,-0.5336517755480951,0.7418343602556771,-0.6998757757939259,-0.5382733074860886,-1.5660427840555742,0.461611129532993,-0.6383251295613772,-1.1655649445546628,0.5360109552500621,0.5040455899182124,-0.4260473830116971,0.6314918534979208,-1.156445993194474,0.4572881337970981,1.0115860477469254,-1.0297605322370236,0.7172840763396056,-0.4853955703560575,3.7753850129846414,-0.6967432589173668,0.24270873010240054,1.1344232477678464,-0.5827595887483167,-0.5960991730985807,-0.6536914640780066,-0.5765580573224126,1.0303970408182483,4.490101988555102,-0.8476496168562231,0
0.09092212021449698,1.4249767526394255,-0.9459682171085008,2.1668820571807927,-0.5597863260193903,-0.8300570808230738,-0.0588521203401597,-0.8622800145110774,0.8884594802046896,2.1333638670793618,1.3715645137259318,-0.588064584235454,0.966944556101084,-0.7366671925631939,1.5051963238759734,0.6240516453782247,1.880036954375345,-0.684311737619372,-0.3873075786091134,-1.1980701488351833,1.8776586917954594,-0.5365978724484667,-1.0029570265103929,0.054688888088826645,0.6966514834213559,-1.0656495521856548,0.8502904371436804,-0.6186240686578838,-0.5879834736755841,-0.6016300596170183,-0.8150339438927848,0.13616308356142143,-0.8289825776824902,1.2300464685065522,3.9532311180711788,-0.746818909432862,2.887691812237952,-0.7204626513557969,-0.54185407982389,0.7231506463902551,1
1.1642855514927848,-1.0908535079065411,1.310680112122415,2.019645308393316,-0.5390189360826044,-0.815447122398763,-0.9316636678807296,-0.8494356390820772,1.0012638899904336,0.8370605011208448,1.5298334006698437,-0.560664709152918,0.5169933197283811,-0.7181406682409591,-0.5618750845334403,0.6927737924794731,1.3710833796038635,-0.6611549231366209,-0.5525758716767952,0.26922924692925515,1.2883948386767314,-0.48092955327963094,0.6280278337616382,0.5473935018364975,1.3317212132403737,0.7760207450960316,-1.049832599256321,-0.5883487424917794,-0.5363247594179735,-0.5545853538075015,-0.755468005836236,0.5600403185932049,0.8736915183375467,-0.6193487606568399,-0.6375754700491283,0.5289468556989434,-0.5947525090362745,1.3919964073015427,-0.5194770703309349,1.0456283053400015,0
1.4781665969692834,1.092840417030268,-0.9570146098172898,0.8130444353688824,-0.5747294442621952,-0.8405696361765143,1.392128307092917,-0.8715221494820469,-0.43962027035682044,-1.2257890292393185,-1.119100941379191,-0.6077800889013132,0.2794973103719665,-0.7499979021236175,-0.41522627489381375,1.6840452313747774,-0.8717328043967608,-0.7009741597145773,-1.2313248909356693,0.26922924692925515,-0.6642615353559793,-0.5766538582151046,1.6961099254875132,0.8839868893284095,1.3754121447081802,-1.082707622307903,-0.5825253036729177,-0.6404085962329268,-0.21987803861143443,5.265980119770784,-0.3905838611058362,-0.6156286381912088,-0.8398427763276117,-0.6831668099797606,0.7421592018581786,-0.7805619678726985,-0.6264868817020923,-0.7382579557197743,-0.5579553953860008,-0.9346526853372686,1
1.4214849524406192,-1.4327550625088747,-0.8556186436500193,-0.7649848298108043,1.7726240552450907,0.654098150783496,1.9392645772406938,0.9579202533203993,-1.001679701710158,-0.7204993092873576,-1.1560791116170905,-0.4268094592332608,-0.9205250763859724,0.8809939972829051,-0.4449228937259515,-0.9699509891995323,-0.7107017572944259,0.6608231886299042,1.9851463558958233,1.0695743718916761,-0.6952001027561925,-0.20897587639220744,1.6080306115817327,-0.4266666841068642,-0.23558819365670755,1.1553137894859589,-0.9503709270596925,-0.44044619409855673,-0.28395900641175126,-0.32476018728536254,-0.4644734848305505,-0.5623553610500622,0.5850169487133842,-0.43804106480205807,-0.4320509544494524,-0.47083099033614234,-0.5045948491190525,-0.5749130406154541,-0.41015977639760726,0.09884903374164256,0
-0.5773853851007617,1.8825933342211176,-0.933759495087684,1.657835852765492,-0.5432708551720207,-0.8184383678710633,0.0031941128248889556,-0.8520653987795852,1.845735494794227,0.7821306266464759,1.110446291977406,-0.5662745644243641,0.6322343339749512,-0.7219337921080422,-0.5667765349024199,0.6924945525142735,1.7428055512541323,-0.6658960534302681,-0.09102506724570382,1.0695743718916761,1.6176395606875584,-0.49232709479400383,-0.9734997482632154,-0.7215985659468743,0.7152356800498407,0.3234273728291011,1.0845367492418585,-0.5945473181267436,-0.5469013737135217,-0.5642172951971671,-0.7676635465311694,0.6456849825562117,-0.816979641534507,1.6824328420159134,0.14170843790795337,-0.7095253212467054,-0.5985310042693822,-0.70079488016722,-0.5240585432130235,-0.28366746775915097,1
-0.9519783126210551,0.6170246932279457,0.925089085665244,0.9951252328128595,-0.5187703955058264,-0.8012021769877036,-0.9058788369439433,-0.8369121656051912,1.190323942053921,0.7590022365640472,0.7370981691602909,-0.5339493884459746,0.43601697827696906,-0.7000770078278155,-0.538533338231543,0.3219980537486486,-0.20984045774004004,-0.6385766550388882,-0.5714476168198753,-1.331461002995587,0.23685042052666902,-0.42665204305989146,-0.9298003064343572,-1.1567153163824901,1.481921330963036,0.6807665136657292,-0.5321205859691758,-0.5588298105405053,-0.48595667874084514,-0.5087160058824042,0.7591994635338262,0.6247864962283584,-0.7991734611544663,-0.583162707107915,-0.5965561349787435,-0.65420082813314,1.3166481229555607,0.7654494488797655,-0.4976591246919184,-0.06160836537468364,0
-0.7372062916493677,0.8394527385854962,-0.7611885733363464,-0.6395098504740971,-0.3098238144065487,-0.6542072550425531,-0.6398027586194063,-0.707681273306525,-0.8778107780313549,1.1230612059967913,-1.457481046158487,-0.2582714992904319,0.4307545044965344,-0.5136764091696924,-0.2976676783991749,0.20915498143470648,-0.560733531975949,-0.4055893980918588,-0.9212724282147564,-0.26433416971235885,-0.5417864959690786,0.13344265354269197,-0.5571195857258636,-0.9072420962971272,-1.5543022104273416,1.4211005271756487,-0.8251381301796025,-0.25422119514258673,0.03379624933379378,-0.03538592118514353,-0.09808051216585553,1.4935129097177706,1.9897008860639291,-0.20975544134208246,-0.1732737858423312,-0.18237850950618437,-0.39107679073293544,-0.42278990986648346,-0.2725177061982526,-0.5244407382269275,1
-0.053617827996738136,-1.2861690225135247,-0.7152949264428287,-0.578528169781475,-0.24774072446011558,-0.610531503504634,-0.5607451113666486,-0.6692836452227044,0.7183741185753039,0.3551543431899324,-0.17446257847129523,-0.1763609214832052,-0.6862992929344004,-0.4582922766719089,-0.22610065707866395,1.0479930441723502,0.2200317173505831,-0.33636324108408966,-0.8486087594897663,-1.1980701488351833,-0.4672264551350383,0.29986035343880474,-0.4463871172484125,-0.11320470507143851,-0.9498299663314321,1.609400488586993,0.169439635100476,-0.1637145978643946,0.18822743271960016,0.10525191106850156,0.07998892753575843,1.7638111052614063,-0.1639818667038434,0.9787461985211651,-0.047506347983716446,-0.04218867107023401,-0.33590625373868493,-0.3488570490337114,-0.20562273782177254,1.3630759980367702,1
2.2784998538191004,-0.4820932756080323,1.110325447844034,-0.24225358514509357,-0.6628257528053092,-0.9025458117608283,1.2102021196770458,-0.926008633545818,-1.2201119505622742,-1.4772107217717279,0.6198698117352973,-0.724011731715425,-1.201544054606858,-0.8285883464640534,0.16854524468851298,0.2108966379432702,-0.9751578915676056,-0.7992065268901236,2.115251076863516,0.5360109552500621,-0.9657318724671942,-0.8128016570719753,1.6114636263397057,0.961642879492095,-0.29502727523444755,0.8012491199057992,0.36682122540837364,3.9673279360878317,-0.8442932132145522,-0.835046947087233,-1.1105761440438293,-0.7274859684494703,1.2032720535364976,-0.8406032299684535,-0.888382350667999,2.56309744993469,-0.03167637353218077,2.059425953455141,-0.6528797907271646,-1.0710716745463569,0
0.2280557856949576,0.017646859708919077,-0.7452346256132061,0.28291049886441744,-0.28824195202384256,-0.6390243113461949,0.5560380540394781,-0.6943331566802042,-0.856883139977832,-1.1020304754982082,-0.11071566229555663,-0.2297970335470419,0.24457100099616047,-0.49442329649788336,0.7848685203049961,0.2928440103548829,1.084077578373987,-0.38152440076143646,0.17785186498683647,-1.4648518571559903,0.831521142749859,0.19129421828122747,-0.5186258042784567,0.21397954873791286,0.22253915882956546,-0.755672551558733,0.29590426087909555,-0.22275850652850024,0.08748095720362842,0.013503822287985008,1.593116767015997,0.5252670206576543,-0.6316324801567076,-0.17118661585538184,-0.12955341788976737,-0.13364450153092058,-0.3718979299832971,-0.39708872731533496,-0.24926309688608164,-0.4910207697834422,0
-0.9938989461167632,0.5155501753245846,0.8527376850477884,0.31755278984294644,-0.559553980848159,-0.4604312298696223,-0.2890480239043604,0.11107323837642151,-0.27185752233428045,0.31493960324082343,1.0818313512966777,-0.5877580349441301,0.8896783524194841,0.043791484528961346,-0.5855471019510998,-0.7530683468335349,-0.8539168067413477,-0.09845399525130452,-1.2135631325048764,-1.0646792946747798,-0.8417053856932186,-0.5359750563320065,-0.06583330343903869,-0.16114304116328546,0.7264006136952327,0.7308539714727723,0.5829568890710893,-0.6182853488734736,-0.5874055169440782,-0.6011037243259629,-0.8143675212889125,0.5057003569543723,1.396034084847931,-0.6560468242381787,-0.6791752030634501,-0.7462942507529478,-0.6130011085807581,2.0567030433411397,-0.541603726259089,0.44322406139504533,1
-0.7031600830221107,-1.3085327662680541,-0.7367032655616439,-0.6069747324033563,-0.27670106936800476,1.3826146360676717,-0.5976236999488467,1.4585953983392725,-0.8456921032287009,1.5607754636560234,-1.432678316855262,1.7523210003971996,-2.468100401961045,1.6087768976045906,-0.25948503957735325,1.3601059504022084,-0.521847421427145,1.8188795174335435,-0.5525919545233663,-0.5311158780331658,-0.5020070129449539,0.2222302935959809,-0.4980412872063818,1.1742668675594146,-1.2679963662069345,-0.7424982473461091,-0.7926658089697366,-0.20593386040234854,0.11618880933205097,0.039647571260711036,-0.0030764030681606834,-2.465117409960858,-0.6232449216735385,-0.15056196904676453,-0.10617398810455521,-0.10758403198396117,-0.3616420504183531,2.999366205992512,0.06689357128558447,-0.47314946992393,1
1.0741035177669156,0.12452007364302412,1.439934963580087,-0.8524544364321309,-0.5266144592934162,-0.8067205134836796,0.35491837479715393,-0.8417636226483494,-1.0880297141514221,1.0587755708139301,0.46965061835202865,-0.5442986123288807,-0.17663103433812963,-0.7070746728684535,-0.5475756761823483,-0.6006901565561127,-0.8152458006060801,-0.6473232298599414,0.4020063546104158,-0.26433416971235885,0.8160271379072427,-0.44767855856508654,-0.9437911137031941,0.025409518996569236,0.047372720422821986,0.510303967445786,-0.05933383827183144,-0.5702651228431049,-0.5054687238777166,-0.5264852910146005,-0.7198889418181872,0.7994611485335175,-0.8048742854090859,-0.597180789605398,-0.6124465780255686,1.5815216295487216,-0.5837291909929438,-0.6809592856513711,-0.5061111588845894,-0.8601456177449982,0
-1.0035020327965942,1.4820383625687845,-0.9527027960349135,2.7843313629690174,-0.568896595033529,-0.8364661987688533,-0.9697103795395473,-0.8679146039242377,1.7153993060349777,0.17415360407071606,-0.12649566399871076,-0.6000844015411202,1.3438723638503196,-0.7447944353696466,-0.5963169117200816,1.114648548124455,1.8373881925709905,-0.694470202890671,-1.2244979719720623,-1.0646792946747798,2.1925547014529494,-0.5610185321816712,-1.01920625922899,-1.2165638400626924,1.5291531844795627,-1.0760492294919994,-1.079123557397751,-0.63190529305361,2.107832830338749,-0.6222677000196063,-0.8411644167844913,-0.19651392582527805,-0.8356036409436124,1.9048036318776076,1.5158039062347772,-0.767390809805445,2.216617642426156,-0.7313117932356967,2.5800557142573415,-0.9256203954588086,1
1.9928184840096705,1.1223413568796452,-0.9571472704542083,-0.8998920930165091,0.4617943399020447,1.2142846322653797,1.2327856414289844,0.41795098624737675,-1.134860177834412,-1.3891538822390121,0.9804346180632374,0.7597784869537523,0.49541014575307457,0.4864271028438322,3.4071134846012723,-1.6210111306520525,-0.8719434881357669,0.4548084903879271,0.39085772549954706,-0.3977250238727623,-0.860146213443544,-0.5771349068908391,0.8191518437781744,0.6753322965340302,0.5634526833176426,1.6961651790944454,0.8169107918060731,-0.6406702155125652,-0.6256007596000664,1.7125732194303103,2.115108498237433,-0.3032380209682689,-0.08652917648127544,-0.6834875183738872,-0.7102810827304529,1.5600126066593016,-0.6266463582107642,0.49610664743696387,0.5589063108042523,-0.9349305798356367,0
0.6980798892502208,0.25503869306228827,-0.9071726807857078,-0.8334878153834807,-0.5073052761556395,-0.7931364105362688,0.779068327730738,-0.8298211302020737,-1.0693058622126577,-0.7076663939747945,-1.6053576557954032,-0.5188226518190943,0.20856908075472136,-0.6898490103209013,-0.5253167853556312,-1.5550815592545115,-0.792576815012376,-0.6257923984412598,-1.1524098849399942,0.4026201010896587,-0.0430000843456911,-0.3959190561396403,1.6308832323867102,0.7599465052397811,-0.0381451108607621,-1.0057406754626772,-0.075384439617979,1.158690012908754,1.9361587424328404,0.9054429585150057,2.681786533244056,-0.9795401321119122,0.6214820728630508,-0.5626734564788363,-0.5733301859053265,0.7554534132950973,-0.5665699612646775,-0.6579645675896331,-0.4853053775278345,1.3751644028134644,0
-0.43172433321747594,0.3943173820641361,1.1747846531789896,-0.904887632813488,-0.5799946680733395,-0.8442737463805245,0.44395762260595434,-0.8747786256956639,-0.5896237499727663,-0.8259773628619224,1.0489357484308273,-0.6147268682099353,0.22881561402783043,-0.7546949919984692,-0.6091103475903328,-0.19170116475880852,-0.21182521926774378,-0.7068451820903292,-1.2374874462966547,-0.7978975863539729,-0.8662540748048642,0.9300958863584717,0.960854530901564,-0.5524027298694423,0.19082007602995707,-0.441049645161753,-1.0900037000954625,-0.6480843979925679,0.7730691846566001,-0.6474083451752887,0.7543504185136454,-0.045053271521332275,0.6841976257359673,-0.6925762619871635,0.4287837838486885,-0.7924513708655315,-0.6311658566903924,-0.7445281503833872,1.3503184514593196,-0.9428059953017197,0
0.18071095251287553,1.7128966145446685,-0.2521527493892115,0.23766699599798158,-0.5968292783747742,-0.8561169754691147,-0.2079222263827456,-0.8851906252570303,1.692514365497603,1.3160968550511951,0.40571033539974827,-0.6369379511012634,0.6010335210493367,-0.769713095773389,-0.6285166451087841,1.2611303442511894,0.657944029141347,-0.7256167248227746,-1.2571911135450666,0.9361835177312727,0.8399966113977928,-0.6358938793589355,-1.0690274743174117,-1.2499142611229646,0.9439108290626732,-0.39315677294917845,0.9076777840178385,-0.6726263996262155,-0.6801275176218801,2.31613837079215,-0.9212821634403006,0.3519172610220385,-0.8559042559055042,1.3861552680287406,0.5137756001172923,-0.8304656079198827,1.295157443439055,-0.7645759750271641,1.564010124690205,-0.968874743913663,1
0.6973374070844429,1.5792230001135235,-1.007033891109405,-0.9661794808697257,-0.6423935274133854,0.9785413423244034,1.137420176739505,1.0703141326545658,0.5367044644282655,-1.4567459623815313,1.2478035400396081,0.7039003375658293,0.8508924476788136,0.7313638108525914,-0.6810413758400178,-0.9920818542391253,-0.9511704541005763,0.8634554012372695,0.7122133016666093,-0.13094331555195532,-0.5053233662880064,3.961745648012954,0.12032264332086719,0.20753463156136281,0.49815321364760257,-0.3467389246301353,1.5278545050297525,0.5974871672152777,0.9785797129888911,-0.7887614949662544,-0.010996747196785938,-0.702462502912621,-0.8890189504180349,-0.8040889143143274,-0.8469909083362916,-0.11381953070631178,-0.6866170041862626,-0.8188370513690151,0.7335318157821352,1.5828647762544834,0
2.173290704409245,1.4485756697924,1.1629039569241573,0.28502080919458417,-0.4342594938897636,-0.7417483523727653,1.7604653972287272,-0.7846432116584433,-0.998474361877374,0.28176731640930563,-1.550660052617449,-0.42244822462899717,1.3775305362567816,-0.6246850939161582,-0.4411123899026035,-0.7853677651437918,-0.7068210492686445,-0.5443422193948257,1.2376371117454408,0.8027926635708692,-0.6912302390476736,-0.20011515716670042,-0.779065206791668,0.6337757108648362,0.3563173758118521,-0.9223564677103389,1.7356551204343262,-0.43562727431395015,-0.27573649548593854,-0.3172720874927238,-0.4549923821063552,0.033445086679035244,-0.7377535376608746,0.8478051495846557,-0.4253546117210512,-0.46336674345960466,-0.5016573572649308,-0.5709765703855049,-0.40659803066531325,-0.7171320086941635,1
-0.33436102902576936,-1.301317548511501,-0.9706647405917099,-0.05375429971452495,-0.593194795220578,-0.853560099138565,-0.5857255557876749,-0.882942742096702,0.28903392751724777,-1.4074688916114286,0.12623981998840544,-0.6321427223932897,0.30377251042261305,-0.766470784594183,-0.6243269513675443,-0.1421051069723296,-0.8934111308112705,-0.7215640705220372,0.543366800717669,0.4026201010896587,-0.8821070553823743,-0.6261514144243716,1.8250680014584568,-0.8565392521760318,0.08651190768757369,0.698250573243929,0.2442648396411477,-0.6673279406829665,0.13943064041045516,-0.6773108076503667,-0.9108575795571355,-0.3336591768608407,-0.8532628253562997,-0.7161661353408209,-0.08724603921633685,-0.8222585807467092,-0.6428962345393991,-0.7602477797412966,0.14977730900061462,0.08245340014936481,1
0.5414495135311961,-0.8011983026374088,-0.8487678130519855,-0.7558817144062285,0.38028110730475045,0.32296764887194646,1.1289853248746835,0.40426227933572384,-0.9926931044359485,-1.24230903938693,-0.5259778014036238,-0.41458215696533746,-0.728307791510798,0.10196405676731199,0.4978589889770135,1.6999443433549224,0.24944981015682519,-0.5376942668385662,-0.113555617405534,-0.3977250238727623,-0.6840700609375143,-0.1841336695144677,2.4235574303783154,0.333944497459613,-0.927054336152003,-0.9155506599936633,-0.941285381810244,0.7518345324784791,-0.260906101531806,-0.3037663018641429,1.88130867175664,-0.49269945018923533,0.10820071757881919,-0.4214791144710269,-0.41327686544499326,-0.4499039797431776,-0.4963591993388744,-0.5638766218630172,1.600687298390839,-0.7078997465171338,0
-0.744340421885813,-0.5241945910282126,1.4607270692086316,-0.6463273429037525,-0.316764439704379,-0.6590900182279452,-0.6486410671988099,-0.7119739647477079,-0.8845410078661309,0.8315988519354537,0.03452132706181641,-0.2674287533668521,-1.5619483705802897,-0.5198681195282485,-0.305668566871319,-0.6804448031321626,-0.5688818277254465,-0.4133285878940136,-0.10271891729793559,-0.3977250238727623,-0.5501219912877959,0.11483786278723353,-0.5694990045445616,-0.915528904022557,-0.918638890273341,0.018038108953152616,-0.8319424639933066,-0.2643394476205411,0.016531500122596028,-0.05110863242928235,-0.11798791785442336,0.41093688525638833,1.5371463095230211,-0.22215899397038125,-0.18733405026534827,-0.19805113694767987,-0.397244622023027,-0.43105528912965574,-0.27999627903043545,-0.5351884426797839,1
0.07197629459767846,-0.25746601910546113,0.6662622616389364,-0.410284349368303,-0.7331392284107533,-0.9520116790841306,-1.1788597015949425,-0.9694966540020831,1.0578198673103911,1.4790142995875086,0.9099341512673061,-0.816781234964146,0.6299497568943437,-0.891314780548949,-0.028652686707941504,-0.11250671671088054,1.354266233382145,-0.8776100294577992,-0.23912709418003003,0.9361835177312727,1.4172086203375085,-1.0012814329989743,-1.3121522488501454,-1.412662471628469,1.2332619778485863,0.5172570786647787,0.9314025729173502,-0.8713431478351316,-1.0191974142632891,1.284881039511116,-1.3122523366324665,0.3115043217177122,1.2022312587216177,-0.9662600487313626,1.4214996135851439,0.3445844341259829,1.8066969395050059,-0.9269033426699075,-0.7286430578442649,0.919199419904183,1
0.13548474156648502,0.446789839298041,1.2767423282209618,-0.34959463077904146,0.5391964952290641,1.6048065306498873,-0.2639519307718482,1.5544993137103345,-0.2527472510397982,1.0087953339473335,0.3215923289083999,1.5143135075418992,0.5378099036272398,1.6339390241837182,0.9779263779789208,1.2364324334857786,-0.9599702487908832,1.5162383414267053,0.07244310001331518,-0.5311158780331658,-0.9501953076247203,0.9246150757938318,-0.030682341599529248,-0.13761291697942857,0.3161817409507013,0.7533509512667874,-1.1585256231487466,0.9835061684840879,0.7679831387495895,0.6332254973942868,-1.0734706467098738,-0.03897545173054225,-0.8944664962261498,-0.8174841959676937,-0.8621753645732426,-0.9502799843627172,-0.6932779859063484,-0.8277632910134121,1.0188450377920797,-1.0510389829359867,0
-1.007875313619492,0.775173122820919,0.6115248159760159,1.1261707210728549,-0.5731512557290764,-0.8394593729742161,-0.9751283357775341,-0.8705460592714417,1.4414790065516678,0.5315198709067323,1.1093614281434931,-0.6056978740059523,-0.01871245203244978,-0.7485900050150788,-0.6012215225081807,1.75376356622808,1.4705813307266222,-0.699214390230233,-1.2294777378887598,0.6694018094104657,0.777680901966476,-0.5724234227469176,-1.0267949453230372,-1.2216437217171547,1.2888438213199174,-1.0809060672223687,-1.0832946702866142,-0.6381078654845171,-0.6212286280761752,-0.6319058520141813,-0.8533678210742959,0.6278578852763518,-0.8386957974514073,-0.6803464380841571,-0.7067204561284605,-0.776998260014886,2.337920559999179,1.3017306025799278,-0.5562548860829655,1.176867352768799,1
-0.9892915661056626,-0.36268485464058586,0.5248415741517803,0.6433372205582797,-0.5550715706310873,-0.8267402277946686,-0.9521053617575387,-0.8593639962513154,-0.24656494622308767,-1.3692849638484383,-0.5155002016534853,-0.581844076551174,-1.2240161354534622,-0.7324611738655789,-0.18572235671164375,-1.267784487086907,-0.4467257449584911,-0.6790545186722239,-1.2083168026043538,0.8027926635708692,0.2400213776357043,-0.523959668583756,-0.994547707598196,-0.3740652687225821,0.31732445049933394,-0.6694540453260944,-0.7299345361917042,-0.6117507563346326,-0.5762555578354017,-0.5909496476402749,-0.8015108758391543,-1.0347051712210367,-0.8255560385058506,-0.6480363340239248,-0.670094771517295,-0.7361725193011608,0.6796193184537289,2.2349315703040546,0.8054545269412511,2.1989696581983464,1
-0.8848712925657051,1.5127693168308713,-0.867386095491387,0.4599955138808192,-0.4534835748813909,-0.7552725855521962,0.6009229150195063,-0.7965330694732952,-0.1312380378305176,0.7281298035659662,1.3504601213096388,-0.4478119039045579,1.2738416592733008,-0.6418348371023795,-0.4632731782168144,-0.611643907335617,0.3431428043470677,-0.565778157106765,0.7978683930370808,-1.331461002995587,-0.036826833581600146,-0.25164653783740437,1.6400514046139711,0.01199913364188553,0.15232448939137028,1.5964388220096655,1.4225095131985104,-0.46365271824487875,-0.323556241242845,-0.3608207104762726,-0.5101317338027859,0.9547784205734274,-0.7517250083369836,0.5416448663909013,-0.4642986045794861,0.7670605290847577,-0.5187409604239256,-0.5938699428935138,0.1805300693789641,1.7500520926117316,1
2.4413497870763377,-0.2984436264631183,1.3559002780561,-0.7756148837445995,-0.4483870833542539,0.9096986982663599,1.427319994395671,0.29630269828968925,-1.0121736929934195,-0.48037229647709245,0.1350186858213554,-0.441087744940537,-1.3011365146939287,0.05927439552565184,-0.4573981369117324,-0.39534356832831136,-0.7234068426582023,-0.5600952807719891,1.7966830263238762,1.0695743718916761,-0.708197075722005,-0.23798506579698303,1.211700903385137,0.27680987809155366,-1.6802446768055916,0.7506660137561155,0.48968230320413386,-0.45622289948785016,-0.3108787598492709,-0.3492755454225672,1.7440541240094427,-0.23758216455434397,1.2600839980948793,-0.45738108384424236,-0.4539741719201387,2.056988696880668,-0.5142119304645373,0.34204814387139837,-0.4218206082025847,0.47009963241273023,0
